"Event Date",Host,"Unique ID","Alarm ID","Alarm Event ID",Chart,Family,Alarm,"Friendly Value","Friendly Old Value","Old Value",Value,Units,"Old Status",Status,"Last Duration","Raised Duration",Recipient,"Processed Status","Updated Status","Updated By ID","Updates ID",Script,"Script Run At","Script Return Value","Script Delay","Script Delay Run At",Description,"Alarm Source"
"2023/5/9 05:23:37",ubuntu,1535537946,1535250250,1737,system.entropy,entropy,"lowest entropy","202 entries","156 entries",156,202,entries,WARNING,CLEAR,"4 hours and 45 mins","4 hours and 45 mins",silent,DONE,UPDATED,1535537947,1535537945,/usr/libexec/netdata/plugins.d/alarm-notify.sh,"2023/5/9 06:23:37","FAILED (with code 1)","1 hour","2023/5/9 06:23:37","minimum entries in the random numbers pool in the last 10 minutes",6@/usr/lib/netdata/conf.d/health.d/entropy.conf
"2023/5/9 00:38:37",ubuntu,1535537945,1535250250,1736,system.entropy,entropy,"lowest entropy","88 entries","106 entries",106,88,entries,CLEAR,WARNING,"6 hours and 30 mins","no time",silent,DONE,UPDATED,1535537946,1535537944,/usr/libexec/netdata/plugins.d/alarm-notify.sh,"2023/5/9 00:38:37","FAILED (with code 1)","no time","2023/5/9 00:38:37","minimum entries in the random numbers pool in the last 10 minutes",6@/usr/lib/netdata/conf.d/health.d/entropy.conf
"2023/5/8 18:08:37",ubuntu,1535537944,1535250250,1735,system.entropy,entropy,"lowest entropy","233 entries","137 entries",137,233,entries,WARNING,CLEAR,"20 mins","20 mins",silent,DONE,UPDATED,1535537945,1535537943,/usr/libexec/netdata/plugins.d/alarm-notify.sh,"2023/5/8 19:08:37","FAILED (with code 1)","1 hour","2023/5/8 19:08:37","minimum entries in the random numbers pool in the last 10 minutes",6@/usr/lib/netdata/conf.d/health.d/entropy.conf
"2023/5/8 17:48:37",ubuntu,1535537943,1535250250,1734,system.entropy,entropy,"lowest entropy","99 entries","105 entries",105,99,entries,CLEAR,WARNING,"6 hours and 25 mins","no time",silent,DONE,UPDATED,1535537944,1535537942,/usr/libexec/netdata/plugins.d/alarm-notify.sh,"2023/5/8 17:48:37","FAILED (with code 1)","no time","2023/5/8 17:48:37","minimum entries in the random numbers pool in the last 10 minutes",6@/usr/lib/netdata/conf.d/health.d/entropy.conf
"2023/5/8 11:23:37",ubuntu,1535537942,1535250250,1733,system.entropy,entropy,"lowest entropy","211 entries","176 entries",176,211,entries,WARNING,CLEAR,"11 hours","11 hours",silent,DONE,UPDATED,1535537943,1535537941,/usr/libexec/netdata/plugins.d/alarm-notify.sh,"2023/5/8 12:23:37","FAILED (with code 1)","1 hour","2023/5/8 12:23:37","minimum entries in the random numbers pool in the last 10 minutes",6@/usr/lib/netdata/conf.d/health.d/entropy.conf
"2023/5/8 00:23:37",ubuntu,1535537941,1535250250,1732,system.entropy,entropy,"lowest entropy","85 entries","120 entries",120,85,entries,CLEAR,WARNING,"5 hours and 30 mins","no time",silent,DONE,UPDATED,1535537942,1535537940,/usr/libexec/netdata/plugins.d/alarm-notify.sh,"2023/5/8 00:23:37","FAILED (with code 1)","no time","2023/5/8 00:23:37","minimum entries in the random numbers pool in the last 10 minutes",6@/usr/lib/netdata/conf.d/health.d/entropy.conf
"2023/5/7 18:53:37",ubuntu,1535537940,1535250250,1731,system.entropy,entropy,"lowest entropy","204 entries","128 entries",128,204,entries,WARNING,CLEAR,"3 hours and 5 mins","3 hours and 5 mins",silent,DONE,UPDATED,1535537941,1535537939,/usr/libexec/netdata/plugins.d/alarm-notify.sh,"2023/5/7 19:53:37","FAILED (with code 1)","1 hour","2023/5/7 19:53:37","minimum entries in the random numbers pool in the last 10 minutes",6@/usr/lib/netdata/conf.d/health.d/entropy.conf
"2023/5/7 15:48:37",ubuntu,1535537939,1535250250,1730,system.entropy,entropy,"lowest entropy","79 entries","119 entries",119,79,entries,CLEAR,WARNING,"1 hour and 35 mins","no time",silent,DONE,UPDATED,1535537940,1535537938,/usr/libexec/netdata/plugins.d/alarm-notify.sh,"2023/5/7 15:48:37","FAILED (with code 1)","no time","2023/5/7 15:48:37","minimum entries in the random numbers pool in the last 10 minutes",6@/usr/lib/netdata/conf.d/health.d/entropy.conf
"2023/5/7 14:13:37",ubuntu,1535537938,1535250250,1729,system.entropy,entropy,"lowest entropy","203 entries","197 entries",197,203,entries,WARNING,CLEAR,"4 hours and 15 mins","4 hours and 15 mins",silent,DONE,UPDATED,1535537939,1535537937,/usr/libexec/netdata/plugins.d/alarm-notify.sh,"2023/5/7 15:13:37","FAILED (with code 1)","1 hour","2023/5/7 15:13:37","minimum entries in the random numbers pool in the last 10 minutes",6@/usr/lib/netdata/conf.d/health.d/entropy.conf
"2023/5/7 09:58:37",ubuntu,1535537937,1535250250,1728,system.entropy,entropy,"lowest entropy","88 entries","101 entries",101,88,entries,CLEAR,WARNING,"16 hours and 25 mins","no time",silent,DONE,UPDATED,1535537938,1535537936,/usr/libexec/netdata/plugins.d/alarm-notify.sh,"2023/5/7 09:58:37","FAILED (with code 1)","no time","2023/5/7 09:58:37","minimum entries in the random numbers pool in the last 10 minutes",6@/usr/lib/netdata/conf.d/health.d/entropy.conf
"2023/5/6 17:33:37",ubuntu,1535537936,1535250250,1727,system.entropy,entropy,"lowest entropy","251 entries","117 entries",117,251,entries,WARNING,CLEAR,"15 mins","15 mins",silent,DONE,UPDATED,1535537937,1535537935,/usr/libexec/netdata/plugins.d/alarm-notify.sh,"2023/5/6 18:33:37","FAILED (with code 1)","1 hour","2023/5/6 18:33:37","minimum entries in the random numbers pool in the last 10 minutes",6@/usr/lib/netdata/conf.d/health.d/entropy.conf
"2023/5/6 17:18:37",ubuntu,1535537935,1535250250,1726,system.entropy,entropy,"lowest entropy","93 entries","103 entries",103,93,entries,CLEAR,WARNING,"2 hours and 20 mins","no time",silent,DONE,UPDATED,1535537936,1535537934,/usr/libexec/netdata/plugins.d/alarm-notify.sh,"2023/5/6 17:18:37","FAILED (with code 1)","no time","2023/5/6 17:18:37","minimum entries in the random numbers pool in the last 10 minutes",6@/usr/lib/netdata/conf.d/health.d/entropy.conf
"2023/5/6 14:58:37",ubuntu,1535537934,1535250250,1725,system.entropy,entropy,"lowest entropy","291 entries","128 entries",128,291,entries,WARNING,CLEAR,"4 hours and 10 mins","4 hours and 10 mins",silent,DONE,UPDATED,1535537935,1535537933,/usr/libexec/netdata/plugins.d/alarm-notify.sh,"2023/5/6 15:58:37","FAILED (with code 1)","1 hour","2023/5/6 15:58:37","minimum entries in the random numbers pool in the last 10 minutes",6@/usr/lib/netdata/conf.d/health.d/entropy.conf
"2023/5/6 10:48:37",ubuntu,1535537933,1535250250,1724,system.entropy,entropy,"lowest entropy","99 entries","110 entries",110,99,entries,CLEAR,WARNING,"3 hours","no time",silent,DONE,UPDATED,1535537934,1535537932,/usr/libexec/netdata/plugins.d/alarm-notify.sh,"2023/5/6 10:48:37","FAILED (with code 1)","no time","2023/5/6 10:48:37","minimum entries in the random numbers pool in the last 10 minutes",6@/usr/lib/netdata/conf.d/health.d/entropy.conf
"2023/5/6 07:48:37",ubuntu,1535537932,1535250250,1723,system.entropy,entropy,"lowest entropy","360 entries","157 entries",157,360,entries,WARNING,CLEAR,"20 mins","20 mins",silent,DONE,UPDATED,1535537933,1535537931,/usr/libexec/netdata/plugins.d/alarm-notify.sh,"2023/5/6 08:48:37","FAILED (with code 1)","1 hour","2023/5/6 08:48:37","minimum entries in the random numbers pool in the last 10 minutes",6@/usr/lib/netdata/conf.d/health.d/entropy.conf
"2023/5/6 07:28:37",ubuntu,1535537931,1535250250,1722,system.entropy,entropy,"lowest entropy","93 entries","106 entries",106,93,entries,CLEAR,WARNING,"12 hours and 30 mins","no time",silent,DONE,UPDATED,1535537932,1535537930,/usr/libexec/netdata/plugins.d/alarm-notify.sh,"2023/5/6 07:28:37","FAILED (with code 1)","no time","2023/5/6 07:28:37","minimum entries in the random numbers pool in the last 10 minutes",6@/usr/lib/netdata/conf.d/health.d/entropy.conf
"2023/5/5 18:58:37",ubuntu,1535537930,1535250250,1721,system.entropy,entropy,"lowest entropy","232 entries","154 entries",154,232,entries,WARNING,CLEAR,"17 hours and 20 mins","17 hours and 20 mins",silent,DONE,UPDATED,1535537931,1535537929,/usr/libexec/netdata/plugins.d/alarm-notify.sh,"2023/5/5 19:58:37","FAILED (with code 1)","1 hour","2023/5/5 19:58:37","minimum entries in the random numbers pool in the last 10 minutes",6@/usr/lib/netdata/conf.d/health.d/entropy.conf
"2023/5/5 01:38:37",ubuntu,1535537929,1535250250,1720,system.entropy,entropy,"lowest entropy","89 entries","100 entries",100,89,entries,CLEAR,WARNING,"1 hour and 45 mins","no time",silent,DONE,UPDATED,1535537930,1535537928,/usr/libexec/netdata/plugins.d/alarm-notify.sh,"2023/5/5 01:38:37","FAILED (with code 1)","no time","2023/5/5 01:38:37","minimum entries in the random numbers pool in the last 10 minutes",6@/usr/lib/netdata/conf.d/health.d/entropy.conf
"2023/5/4 23:53:37",ubuntu,1535537928,1535250250,1719,system.entropy,entropy,"lowest entropy","321 entries","95 entries",95,321,entries,WARNING,CLEAR,"9 hours and 55 mins","9 hours and 55 mins",silent,DONE,UPDATED,1535537929,1535537927,/usr/libexec/netdata/plugins.d/alarm-notify.sh,"2023/5/5 00:53:37","FAILED (with code 1)","1 hour","2023/5/5 00:53:37","minimum entries in the random numbers pool in the last 10 minutes",6@/usr/lib/netdata/conf.d/health.d/entropy.conf
"2023/5/4 13:58:37",ubuntu,1535537927,1535250250,1718,system.entropy,entropy,"lowest entropy","99 entries","127 entries",127,99,entries,CLEAR,WARNING,"1 hour and 20 mins","no time",silent,DONE,UPDATED,1535537928,1535537926,/usr/libexec/netdata/plugins.d/alarm-notify.sh,"2023/5/4 13:58:37","FAILED (with code 1)","no time","2023/5/4 13:58:37","minimum entries in the random numbers pool in the last 10 minutes",6@/usr/lib/netdata/conf.d/health.d/entropy.conf
"2023/5/4 12:38:37",ubuntu,1535537926,1535250250,1717,system.entropy,entropy,"lowest entropy","225 entries","166 entries",166,225,entries,WARNING,CLEAR,"8 hours and 35 mins","8 hours and 35 mins",silent,DONE,UPDATED,1535537927,1535537925,/usr/libexec/netdata/plugins.d/alarm-notify.sh,"2023/5/4 13:38:37","FAILED (with code 1)","1 hour","2023/5/4 13:38:37","minimum entries in the random numbers pool in the last 10 minutes",6@/usr/lib/netdata/conf.d/health.d/entropy.conf
"2023/5/4 04:03:37",ubuntu,1535537925,1535250250,1716,system.entropy,entropy,"lowest entropy","85 entries","124 entries",124,85,entries,CLEAR,WARNING,"4 hours and 5 mins","no time",silent,DONE,UPDATED,1535537926,1535537924,/usr/libexec/netdata/plugins.d/alarm-notify.sh,"2023/5/4 04:03:37","FAILED (with code 1)","no time","2023/5/4 04:03:37","minimum entries in the random numbers pool in the last 10 minutes",6@/usr/lib/netdata/conf.d/health.d/entropy.conf
"2023/5/3 23:58:37",ubuntu,1535537924,1535250250,1715,system.entropy,entropy,"lowest entropy","269 entries","186 entries",186,269,entries,WARNING,CLEAR,"15 hours and 40 mins","15 hours and 40 mins",silent,DONE,UPDATED,1535537925,1535537923,/usr/libexec/netdata/plugins.d/alarm-notify.sh,"2023/5/4 00:58:37","FAILED (with code 1)","1 hour","2023/5/4 00:58:37","minimum entries in the random numbers pool in the last 10 minutes",6@/usr/lib/netdata/conf.d/health.d/entropy.conf
"2023/5/3 08:18:37",ubuntu,1535537923,1535250250,1714,system.entropy,entropy,"lowest entropy","88 entries","100 entries",100,88,entries,CLEAR,WARNING,"3 hours and 50 mins","no time",silent,DONE,UPDATED,1535537924,1535537922,/usr/libexec/netdata/plugins.d/alarm-notify.sh,"2023/5/3 08:18:37","FAILED (with code 1)","no time","2023/5/3 08:18:37","minimum entries in the random numbers pool in the last 10 minutes",6@/usr/lib/netdata/conf.d/health.d/entropy.conf
"2023/5/3 04:28:37",ubuntu,1535537922,1535250250,1713,system.entropy,entropy,"lowest entropy","201 entries","161 entries",161,201,entries,WARNING,CLEAR,"2 hours","2 hours",silent,DONE,UPDATED,1535537923,1535537921,/usr/libexec/netdata/plugins.d/alarm-notify.sh,"2023/5/3 05:28:37","FAILED (with code 1)","1 hour","2023/5/3 05:28:37","minimum entries in the random numbers pool in the last 10 minutes",6@/usr/lib/netdata/conf.d/health.d/entropy.conf
"2023/5/3 02:28:37",ubuntu,1535537921,1535250250,1712,system.entropy,entropy,"lowest entropy","73 entries","102 entries",102,73,entries,CLEAR,WARNING,"1 hour","no time",silent,DONE,UPDATED,1535537922,1535537920,/usr/libexec/netdata/plugins.d/alarm-notify.sh,-,"OK (returned 0)","no time","2023/5/3 02:28:37","minimum entries in the random numbers pool in the last 10 minutes",6@/usr/lib/netdata/conf.d/health.d/entropy.conf
"2023/5/3 01:28:37",ubuntu,1535537920,1535250250,1711,system.entropy,entropy,"lowest entropy","228 entries","136 entries",136,228,entries,WARNING,CLEAR,"20 mins","20 mins",silent,PENDING,UPDATED,1535537921,1535537919,/usr/libexec/netdata/plugins.d/alarm-notify.sh,-,"OK (returned 0)","1 hour","2023/5/3 02:28:37","minimum entries in the random numbers pool in the last 10 minutes",6@/usr/lib/netdata/conf.d/health.d/entropy.conf
"2023/5/3 01:08:37",ubuntu,1535537919,1535250250,1710,system.entropy,entropy,"lowest entropy","87 entries","121 entries",121,87,entries,CLEAR,WARNING,"13 hours and 20 mins","no time",silent,DONE,UPDATED,1535537920,1535537918,/usr/libexec/netdata/plugins.d/alarm-notify.sh,"2023/5/3 01:08:37","FAILED (with code 1)","no time","2023/5/3 01:08:37","minimum entries in the random numbers pool in the last 10 minutes",6@/usr/lib/netdata/conf.d/health.d/entropy.conf
"2023/5/2 11:48:37",ubuntu,1535537918,1535250250,1709,system.entropy,entropy,"lowest entropy","221 entries","184 entries",184,221,entries,WARNING,CLEAR,"2 hours and 20 mins","2 hours and 20 mins",silent,DONE,UPDATED,1535537919,1535537917,/usr/libexec/netdata/plugins.d/alarm-notify.sh,"2023/5/2 12:48:37","FAILED (with code 1)","1 hour","2023/5/2 12:48:37","minimum entries in the random numbers pool in the last 10 minutes",6@/usr/lib/netdata/conf.d/health.d/entropy.conf
"2023/5/2 09:28:37",ubuntu,1535537917,1535250250,1708,system.entropy,entropy,"lowest entropy","81 entries","116 entries",116,81,entries,CLEAR,WARNING,"2 hours and 40 mins","no time",silent,DONE,UPDATED,1535537918,1535537916,/usr/libexec/netdata/plugins.d/alarm-notify.sh,"2023/5/2 09:28:37","FAILED (with code 1)","no time","2023/5/2 09:28:37","minimum entries in the random numbers pool in the last 10 minutes",6@/usr/lib/netdata/conf.d/health.d/entropy.conf
"2023/5/2 06:48:37",ubuntu,1535537916,1535250250,1707,system.entropy,entropy,"lowest entropy","219 entries","59 entries",59,219,entries,WARNING,CLEAR,"7 hours and 10 mins","7 hours and 10 mins",silent,DONE,UPDATED,1535537917,1535537915,/usr/libexec/netdata/plugins.d/alarm-notify.sh,"2023/5/2 07:48:37","FAILED (with code 1)","1 hour","2023/5/2 07:48:37","minimum entries in the random numbers pool in the last 10 minutes",6@/usr/lib/netdata/conf.d/health.d/entropy.conf
"2023/5/1 23:38:37",ubuntu,1535537915,1535250250,1706,system.entropy,entropy,"lowest entropy","98 entries","104 entries",104,98,entries,CLEAR,WARNING,"7 hours and 25 mins","no time",silent,DONE,UPDATED,1535537916,1535537914,/usr/libexec/netdata/plugins.d/alarm-notify.sh,"2023/5/1 23:38:37","FAILED (with code 1)","no time","2023/5/1 23:38:37","minimum entries in the random numbers pool in the last 10 minutes",6@/usr/lib/netdata/conf.d/health.d/entropy.conf
"2023/5/1 16:13:37",ubuntu,1535537914,1535250250,1705,system.entropy,entropy,"lowest entropy","267 entries","143 entries",143,267,entries,WARNING,CLEAR,"14 hours and 30 mins","14 hours and 30 mins",silent,DONE,UPDATED,1535537915,1535537913,/usr/libexec/netdata/plugins.d/alarm-notify.sh,"2023/5/1 17:13:37","FAILED (with code 1)","1 hour","2023/5/1 17:13:37","minimum entries in the random numbers pool in the last 10 minutes",6@/usr/lib/netdata/conf.d/health.d/entropy.conf
"2023/5/1 01:43:37",ubuntu,1535537913,1535250250,1704,system.entropy,entropy,"lowest entropy","99 entries","120 entries",120,99,entries,CLEAR,WARNING,"3 hours and 15 mins","no time",silent,DONE,UPDATED,1535537914,1535537912,/usr/libexec/netdata/plugins.d/alarm-notify.sh,"2023/5/1 01:43:37","FAILED (with code 1)","no time","2023/5/1 01:43:37","minimum entries in the random numbers pool in the last 10 minutes",6@/usr/lib/netdata/conf.d/health.d/entropy.conf
"2023/4/30 22:28:37",ubuntu,1535537912,1535250250,1703,system.entropy,entropy,"lowest entropy","316 entries","18 entries",18,316,entries,WARNING,CLEAR,"3 hours and 55 mins","3 hours and 55 mins",silent,DONE,UPDATED,1535537913,1535537911,/usr/libexec/netdata/plugins.d/alarm-notify.sh,"2023/4/30 23:28:37","FAILED (with code 1)","1 hour","2023/4/30 23:28:37","minimum entries in the random numbers pool in the last 10 minutes",6@/usr/lib/netdata/conf.d/health.d/entropy.conf
"2023/4/30 18:33:37",ubuntu,1535537911,1535250250,1702,system.entropy,entropy,"lowest entropy","93 entries","101 entries",101,93,entries,CLEAR,WARNING,"3 hours and 45 mins","no time",silent,DONE,UPDATED,1535537912,1535537910,/usr/libexec/netdata/plugins.d/alarm-notify.sh,"2023/4/30 18:33:37","FAILED (with code 1)","no time","2023/4/30 18:33:37","minimum entries in the random numbers pool in the last 10 minutes",6@/usr/lib/netdata/conf.d/health.d/entropy.conf
"2023/4/30 14:48:37",ubuntu,1535537910,1535250250,1701,system.entropy,entropy,"lowest entropy","253 entries","199 entries",199,253,entries,WARNING,CLEAR,"3 hours and 45 mins","3 hours and 45 mins",silent,DONE,UPDATED,1535537911,1535537909,/usr/libexec/netdata/plugins.d/alarm-notify.sh,"2023/4/30 15:48:37","FAILED (with code 1)","1 hour","2023/4/30 15:48:37","minimum entries in the random numbers pool in the last 10 minutes",6@/usr/lib/netdata/conf.d/health.d/entropy.conf
"2023/4/30 11:03:37",ubuntu,1535537909,1535250250,1700,system.entropy,entropy,"lowest entropy","87 entries","114 entries",114,87,entries,CLEAR,WARNING,"2 hours and 40 mins","no time",silent,DONE,UPDATED,1535537910,1535537908,/usr/libexec/netdata/plugins.d/alarm-notify.sh,"2023/4/30 11:03:37","FAILED (with code 1)","no time","2023/4/30 11:03:37","minimum entries in the random numbers pool in the last 10 minutes",6@/usr/lib/netdata/conf.d/health.d/entropy.conf
"2023/4/30 08:23:37",ubuntu,1535537908,1535250250,1699,system.entropy,entropy,"lowest entropy","234 entries","193 entries",193,234,entries,WARNING,CLEAR,"1 hour and 20 mins","1 hour and 20 mins",silent,DONE,UPDATED,1535537909,1535537907,/usr/libexec/netdata/plugins.d/alarm-notify.sh,"2023/4/30 09:23:37","FAILED (with code 1)","1 hour","2023/4/30 09:23:37","minimum entries in the random numbers pool in the last 10 minutes",6@/usr/lib/netdata/conf.d/health.d/entropy.conf
"2023/4/30 07:03:37",ubuntu,1535537907,1535250250,1698,system.entropy,entropy,"lowest entropy","99 entries","104 entries",104,99,entries,CLEAR,WARNING,"13 hours and 10 mins","no time",silent,DONE,UPDATED,1535537908,1535537906,/usr/libexec/netdata/plugins.d/alarm-notify.sh,"2023/4/30 07:03:37","FAILED (with code 1)","no time","2023/4/30 07:03:37","minimum entries in the random numbers pool in the last 10 minutes",6@/usr/lib/netdata/conf.d/health.d/entropy.conf
"2023/4/29 17:53:37",ubuntu,1535537906,1535250250,1697,system.entropy,entropy,"lowest entropy","216 entries","198 entries",198,216,entries,WARNING,CLEAR,"14 hours and 20 mins","14 hours and 20 mins",silent,DONE,UPDATED,1535537907,1535537905,/usr/libexec/netdata/plugins.d/alarm-notify.sh,"2023/4/29 18:53:37","FAILED (with code 1)","1 hour","2023/4/29 18:53:37","minimum entries in the random numbers pool in the last 10 minutes",6@/usr/lib/netdata/conf.d/health.d/entropy.conf
"2023/4/29 03:33:37",ubuntu,1535537905,1535250250,1696,system.entropy,entropy,"lowest entropy","83 entries","119 entries",119,83,entries,CLEAR,WARNING,"50 mins","no time",silent,DONE,UPDATED,1535537906,1535537904,/usr/libexec/netdata/plugins.d/alarm-notify.sh,-,"OK (returned 0)","no time","2023/4/29 03:33:37","minimum entries in the random numbers pool in the last 10 minutes",6@/usr/lib/netdata/conf.d/health.d/entropy.conf
"2023/4/29 02:43:37",ubuntu,1535537904,1535250250,1695,system.entropy,entropy,"lowest entropy","270 entries","89 entries",89,270,entries,WARNING,CLEAR,"7 hours and 5 mins","7 hours and 5 mins",silent,PENDING,UPDATED,1535537905,1535537903,/usr/libexec/netdata/plugins.d/alarm-notify.sh,-,"OK (returned 0)","1 hour","2023/4/29 03:43:37","minimum entries in the random numbers pool in the last 10 minutes",6@/usr/lib/netdata/conf.d/health.d/entropy.conf
"2023/4/28 19:38:37",ubuntu,1535537903,1535250250,1694,system.entropy,entropy,"lowest entropy","94 entries","119 entries",119,94,entries,CLEAR,WARNING,"2 hours and 15 mins","no time",silent,DONE,UPDATED,1535537904,1535537902,/usr/libexec/netdata/plugins.d/alarm-notify.sh,"2023/4/28 19:38:37","FAILED (with code 1)","no time","2023/4/28 19:38:37","minimum entries in the random numbers pool in the last 10 minutes",6@/usr/lib/netdata/conf.d/health.d/entropy.conf
"2023/4/28 17:23:37",ubuntu,1535537902,1535250250,1693,system.entropy,entropy,"lowest entropy","284 entries","191 entries",191,284,entries,WARNING,CLEAR,"2 hours and 55 mins","2 hours and 55 mins",silent,DONE,UPDATED,1535537903,1535537901,/usr/libexec/netdata/plugins.d/alarm-notify.sh,"2023/4/28 18:23:37","FAILED (with code 1)","1 hour","2023/4/28 18:23:37","minimum entries in the random numbers pool in the last 10 minutes",6@/usr/lib/netdata/conf.d/health.d/entropy.conf
"2023/4/28 14:28:37",ubuntu,1535537901,1535250250,1692,system.entropy,entropy,"lowest entropy","85 entries","104 entries",104,85,entries,CLEAR,WARNING,"2 hours and 50 mins","no time",silent,DONE,UPDATED,1535537902,1535537900,/usr/libexec/netdata/plugins.d/alarm-notify.sh,"2023/4/28 14:28:37","FAILED (with code 1)","no time","2023/4/28 14:28:37","minimum entries in the random numbers pool in the last 10 minutes",6@/usr/lib/netdata/conf.d/health.d/entropy.conf
"2023/4/28 11:38:37",ubuntu,1535537900,1535250250,1691,system.entropy,entropy,"lowest entropy","228 entries","199 entries",199,228,entries,WARNING,CLEAR,"2 hours","2 hours",silent,DONE,UPDATED,1535537901,1535537899,/usr/libexec/netdata/plugins.d/alarm-notify.sh,"2023/4/28 12:38:37","FAILED (with code 1)","1 hour","2023/4/28 12:38:37","minimum entries in the random numbers pool in the last 10 minutes",6@/usr/lib/netdata/conf.d/health.d/entropy.conf
"2023/4/28 09:38:37",ubuntu,1535537899,1535250250,1690,system.entropy,entropy,"lowest entropy","96 entries","114 entries",114,96,entries,CLEAR,WARNING,"7 hours and 5 mins","no time",silent,DONE,UPDATED,1535537900,1535537898,/usr/libexec/netdata/plugins.d/alarm-notify.sh,"2023/4/28 09:38:37","FAILED (with code 1)","no time","2023/4/28 09:38:37","minimum entries in the random numbers pool in the last 10 minutes",6@/usr/lib/netdata/conf.d/health.d/entropy.conf
"2023/4/28 02:33:37",ubuntu,1535537898,1535250250,1689,system.entropy,entropy,"lowest entropy","222 entries","2 entries",2,222,entries,WARNING,CLEAR,"19 hours and 20 mins","19 hours and 20 mins",silent,DONE,UPDATED,1535537899,1535537897,/usr/libexec/netdata/plugins.d/alarm-notify.sh,"2023/4/28 03:33:37","FAILED (with code 1)","1 hour","2023/4/28 03:33:37","minimum entries in the random numbers pool in the last 10 minutes",6@/usr/lib/netdata/conf.d/health.d/entropy.conf
"2023/4/27 07:13:37",ubuntu,1535537897,1535250250,1688,system.entropy,entropy,"lowest entropy","95 entries","117 entries",117,95,entries,CLEAR,WARNING,"3 hours and 20 mins","no time",silent,DONE,UPDATED,1535537898,1535537896,/usr/libexec/netdata/plugins.d/alarm-notify.sh,"2023/4/27 07:13:37","FAILED (with code 1)","no time","2023/4/27 07:13:37","minimum entries in the random numbers pool in the last 10 minutes",6@/usr/lib/netdata/conf.d/health.d/entropy.conf
"2023/4/27 03:53:37",ubuntu,1535537896,1535250250,1687,system.entropy,entropy,"lowest entropy","278 entries","197 entries",197,278,entries,WARNING,CLEAR,"25 mins","25 mins",silent,DONE,UPDATED,1535537897,1535537895,/usr/libexec/netdata/plugins.d/alarm-notify.sh,"2023/4/27 04:53:37","FAILED (with code 1)","1 hour","2023/4/27 04:53:37","minimum entries in the random numbers pool in the last 10 minutes",6@/usr/lib/netdata/conf.d/health.d/entropy.conf
"2023/4/27 03:28:37",ubuntu,1535537895,1535250250,1686,system.entropy,entropy,"lowest entropy","89 entries","131 entries",131,89,entries,CLEAR,WARNING,"1 hour and 15 mins","no time",silent,DONE,UPDATED,1535537896,1535537894,/usr/libexec/netdata/plugins.d/alarm-notify.sh,"2023/4/27 03:28:37","FAILED (with code 1)","no time","2023/4/27 03:28:37","minimum entries in the random numbers pool in the last 10 minutes",6@/usr/lib/netdata/conf.d/health.d/entropy.conf
"2023/4/27 02:13:37",ubuntu,1535537894,1535250250,1685,system.entropy,entropy,"lowest entropy","267 entries","7 entries",7,267,entries,WARNING,CLEAR,"6 hours and 40 mins","6 hours and 40 mins",silent,DONE,UPDATED,1535537895,1535537893,/usr/libexec/netdata/plugins.d/alarm-notify.sh,"2023/4/27 03:13:37","FAILED (with code 1)","1 hour","2023/4/27 03:13:37","minimum entries in the random numbers pool in the last 10 minutes",6@/usr/lib/netdata/conf.d/health.d/entropy.conf
"2023/4/26 19:33:37",ubuntu,1535537893,1535250250,1684,system.entropy,entropy,"lowest entropy","85 entries","116 entries",116,85,entries,CLEAR,WARNING,"1 hour and 40 mins","no time",silent,DONE,UPDATED,1535537894,1535537892,/usr/libexec/netdata/plugins.d/alarm-notify.sh,"2023/4/26 19:33:37","FAILED (with code 1)","no time","2023/4/26 19:33:37","minimum entries in the random numbers pool in the last 10 minutes",6@/usr/lib/netdata/conf.d/health.d/entropy.conf
"2023/4/26 17:53:37",ubuntu,1535537892,1535250250,1683,system.entropy,entropy,"lowest entropy","217 entries","167 entries",167,217,entries,WARNING,CLEAR,"2 hours and 30 mins","2 hours and 30 mins",silent,DONE,UPDATED,1535537893,1535537891,/usr/libexec/netdata/plugins.d/alarm-notify.sh,"2023/4/26 18:53:37","FAILED (with code 1)","1 hour","2023/4/26 18:53:37","minimum entries in the random numbers pool in the last 10 minutes",6@/usr/lib/netdata/conf.d/health.d/entropy.conf
"2023/4/26 15:23:37",ubuntu,1535537891,1535250250,1682,system.entropy,entropy,"lowest entropy","93 entries","136 entries",136,93,entries,CLEAR,WARNING,"3 hours and 45 mins","no time",silent,DONE,UPDATED,1535537892,1535537890,/usr/libexec/netdata/plugins.d/alarm-notify.sh,"2023/4/26 15:23:37","FAILED (with code 1)","no time","2023/4/26 15:23:37","minimum entries in the random numbers pool in the last 10 minutes",6@/usr/lib/netdata/conf.d/health.d/entropy.conf
"2023/4/26 11:38:37",ubuntu,1535537890,1535250250,1681,system.entropy,entropy,"lowest entropy","215 entries","174 entries",174,215,entries,WARNING,CLEAR,"40 mins","40 mins",silent,DONE,UPDATED,1535537891,1535537889,/usr/libexec/netdata/plugins.d/alarm-notify.sh,"2023/4/26 12:38:37","FAILED (with code 1)","1 hour","2023/4/26 12:38:37","minimum entries in the random numbers pool in the last 10 minutes",6@/usr/lib/netdata/conf.d/health.d/entropy.conf
"2023/4/26 10:58:37",ubuntu,1535537889,1535250250,1680,system.entropy,entropy,"lowest entropy","92 entries","111 entries",111,92,entries,CLEAR,WARNING,"1 hour","no time",silent,DONE,UPDATED,1535537890,1535537888,/usr/libexec/netdata/plugins.d/alarm-notify.sh,-,"OK (returned 0)","no time","2023/4/26 10:58:37","minimum entries in the random numbers pool in the last 10 minutes",6@/usr/lib/netdata/conf.d/health.d/entropy.conf
"2023/4/26 09:58:37",ubuntu,1535537888,1535250250,1679,system.entropy,entropy,"lowest entropy","242 entries","193 entries",193,242,entries,WARNING,CLEAR,"7 hours and 35 mins","7 hours and 35 mins",silent,PENDING,UPDATED,1535537889,1535537887,/usr/libexec/netdata/plugins.d/alarm-notify.sh,-,"OK (returned 0)","1 hour","2023/4/26 10:58:37","minimum entries in the random numbers pool in the last 10 minutes",6@/usr/lib/netdata/conf.d/health.d/entropy.conf
"2023/4/26 02:23:37",ubuntu,1535537887,1535250250,1678,system.entropy,entropy,"lowest entropy","89 entries","105 entries",105,89,entries,CLEAR,WARNING,"1 hour and 35 mins","no time",silent,DONE,UPDATED,1535537888,1535537886,/usr/libexec/netdata/plugins.d/alarm-notify.sh,"2023/4/26 02:23:37","FAILED (with code 1)","no time","2023/4/26 02:23:37","minimum entries in the random numbers pool in the last 10 minutes",6@/usr/lib/netdata/conf.d/health.d/entropy.conf
"2023/4/26 00:48:37",ubuntu,1535537886,1535250250,1677,system.entropy,entropy,"lowest entropy","221 entries","198 entries",198,221,entries,WARNING,CLEAR,"30 mins","30 mins",silent,DONE,UPDATED,1535537887,1535537885,/usr/libexec/netdata/plugins.d/alarm-notify.sh,"2023/4/26 01:48:37","FAILED (with code 1)","1 hour","2023/4/26 01:48:37","minimum entries in the random numbers pool in the last 10 minutes",6@/usr/lib/netdata/conf.d/health.d/entropy.conf
"2023/4/26 00:18:37",ubuntu,1535537885,1535250250,1676,system.entropy,entropy,"lowest entropy","80 entries","102 entries",102,80,entries,CLEAR,WARNING,"2 hours and 40 mins","no time",silent,DONE,UPDATED,1535537886,1535537884,/usr/libexec/netdata/plugins.d/alarm-notify.sh,"2023/4/26 00:18:37","FAILED (with code 1)","no time","2023/4/26 00:18:37","minimum entries in the random numbers pool in the last 10 minutes",6@/usr/lib/netdata/conf.d/health.d/entropy.conf
"2023/4/25 21:38:37",ubuntu,1535537884,1535250250,1675,system.entropy,entropy,"lowest entropy","202 entries","116 entries",116,202,entries,WARNING,CLEAR,"15 mins","15 mins",silent,DONE,UPDATED,1535537885,1535537883,/usr/libexec/netdata/plugins.d/alarm-notify.sh,"2023/4/25 22:38:37","FAILED (with code 1)","1 hour","2023/4/25 22:38:37","minimum entries in the random numbers pool in the last 10 minutes",6@/usr/lib/netdata/conf.d/health.d/entropy.conf
"2023/4/25 21:23:37",ubuntu,1535537883,1535250250,1674,system.entropy,entropy,"lowest entropy","91 entries","126 entries",126,91,entries,CLEAR,WARNING,"40 mins","no time",silent,DONE,UPDATED,1535537884,1535537882,/usr/libexec/netdata/plugins.d/alarm-notify.sh,-,"OK (returned 0)","no time","2023/4/25 21:23:37","minimum entries in the random numbers pool in the last 10 minutes",6@/usr/lib/netdata/conf.d/health.d/entropy.conf
"2023/4/25 20:43:37",ubuntu,1535537882,1535250250,1673,system.entropy,entropy,"lowest entropy","239 entries","92 entries",92,239,entries,WARNING,CLEAR,"10 hours and 30 mins","10 hours and 30 mins",silent,PENDING,UPDATED,1535537883,1535537881,/usr/libexec/netdata/plugins.d/alarm-notify.sh,-,"OK (returned 0)","1 hour","2023/4/25 21:43:37","minimum entries in the random numbers pool in the last 10 minutes",6@/usr/lib/netdata/conf.d/health.d/entropy.conf
"2023/4/25 10:13:37",ubuntu,1535537881,1535250250,1672,system.entropy,entropy,"lowest entropy","94 entries","106 entries",106,94,entries,CLEAR,WARNING,"1 hour and 20 mins","no time",silent,DONE,UPDATED,1535537882,1535537880,/usr/libexec/netdata/plugins.d/alarm-notify.sh,"2023/4/25 10:13:37","FAILED (with code 1)","no time","2023/4/25 10:13:37","minimum entries in the random numbers pool in the last 10 minutes",6@/usr/lib/netdata/conf.d/health.d/entropy.conf
"2023/4/25 08:53:37",ubuntu,1535537880,1535250250,1671,system.entropy,entropy,"lowest entropy","227 entries","88 entries",88,227,entries,WARNING,CLEAR,"15 hours and 30 mins","15 hours and 30 mins",silent,DONE,UPDATED,1535537881,1535537879,/usr/libexec/netdata/plugins.d/alarm-notify.sh,"2023/4/25 09:53:37","FAILED (with code 1)","1 hour","2023/4/25 09:53:37","minimum entries in the random numbers pool in the last 10 minutes",6@/usr/lib/netdata/conf.d/health.d/entropy.conf
"2023/4/24 17:23:37",ubuntu,1535537879,1535250250,1670,system.entropy,entropy,"lowest entropy","88 entries","118 entries",118,88,entries,CLEAR,WARNING,"55 mins","no time",silent,DONE,UPDATED,1535537880,1535537878,/usr/libexec/netdata/plugins.d/alarm-notify.sh,-,"OK (returned 0)","no time","2023/4/24 17:23:37","minimum entries in the random numbers pool in the last 10 minutes",6@/usr/lib/netdata/conf.d/health.d/entropy.conf
"2023/4/24 16:28:37",ubuntu,1535537878,1535250250,1669,system.entropy,entropy,"lowest entropy","235 entries","199 entries",199,235,entries,WARNING,CLEAR,"10 hours and 50 mins","10 hours and 50 mins",silent,PENDING,UPDATED,1535537879,1535537877,/usr/libexec/netdata/plugins.d/alarm-notify.sh,-,"OK (returned 0)","1 hour","2023/4/24 17:28:37","minimum entries in the random numbers pool in the last 10 minutes",6@/usr/lib/netdata/conf.d/health.d/entropy.conf
"2023/4/24 05:38:37",ubuntu,1535537877,1535250250,1668,system.entropy,entropy,"lowest entropy","77 entries","113 entries",113,77,entries,CLEAR,WARNING,"7 hours","no time",silent,DONE,UPDATED,1535537878,1535537876,/usr/libexec/netdata/plugins.d/alarm-notify.sh,"2023/4/24 05:38:37","FAILED (with code 1)","no time","2023/4/24 05:38:37","minimum entries in the random numbers pool in the last 10 minutes",6@/usr/lib/netdata/conf.d/health.d/entropy.conf
"2023/4/23 22:38:37",ubuntu,1535537876,1535250250,1667,system.entropy,entropy,"lowest entropy","554 entries","56 entries",56,554,entries,WARNING,CLEAR,"12 hours","12 hours",silent,DONE,UPDATED,1535537877,1535537875,/usr/libexec/netdata/plugins.d/alarm-notify.sh,"2023/4/23 23:38:37","FAILED (with code 1)","1 hour","2023/4/23 23:38:37","minimum entries in the random numbers pool in the last 10 minutes",6@/usr/lib/netdata/conf.d/health.d/entropy.conf
"2023/4/23 10:38:37",ubuntu,1535537875,1535250250,1666,system.entropy,entropy,"lowest entropy","75 entries","104 entries",104,75,entries,CLEAR,WARNING,"5 hours and 55 mins","no time",silent,DONE,UPDATED,1535537876,1535537874,/usr/libexec/netdata/plugins.d/alarm-notify.sh,"2023/4/23 10:38:37","FAILED (with code 1)","no time","2023/4/23 10:38:37","minimum entries in the random numbers pool in the last 10 minutes",6@/usr/lib/netdata/conf.d/health.d/entropy.conf
"2023/4/23 04:43:37",ubuntu,1535537874,1535250250,1665,system.entropy,entropy,"lowest entropy","307 entries","150 entries",150,307,entries,WARNING,CLEAR,"4 hours and 10 mins","4 hours and 10 mins",silent,DONE,UPDATED,1535537875,1535537873,/usr/libexec/netdata/plugins.d/alarm-notify.sh,"2023/4/23 05:43:37","FAILED (with code 1)","1 hour","2023/4/23 05:43:37","minimum entries in the random numbers pool in the last 10 minutes",6@/usr/lib/netdata/conf.d/health.d/entropy.conf
"2023/4/23 00:33:37",ubuntu,1535537873,1535250250,1664,system.entropy,entropy,"lowest entropy","88 entries","112 entries",112,88,entries,CLEAR,WARNING,"10 hours and 25 mins","no time",silent,DONE,UPDATED,1535537874,1535537872,/usr/libexec/netdata/plugins.d/alarm-notify.sh,"2023/4/23 00:33:37","FAILED (with code 1)","no time","2023/4/23 00:33:37","minimum entries in the random numbers pool in the last 10 minutes",6@/usr/lib/netdata/conf.d/health.d/entropy.conf
"2023/4/22 14:08:37",ubuntu,1535537872,1535250250,1663,system.entropy,entropy,"lowest entropy","211 entries","150 entries",150,211,entries,WARNING,CLEAR,"15 hours and 30 mins","15 hours and 30 mins",silent,DONE,UPDATED,1535537873,1535537871,/usr/libexec/netdata/plugins.d/alarm-notify.sh,"2023/4/22 15:08:37","FAILED (with code 1)","1 hour","2023/4/22 15:08:37","minimum entries in the random numbers pool in the last 10 minutes",6@/usr/lib/netdata/conf.d/health.d/entropy.conf
"2023/4/21 22:38:37",ubuntu,1535537871,1535250250,1662,system.entropy,entropy,"lowest entropy","96 entries","112 entries",112,96,entries,CLEAR,WARNING,"1 hour and 40 mins","no time",silent,DONE,UPDATED,1535537872,1535537870,/usr/libexec/netdata/plugins.d/alarm-notify.sh,"2023/4/21 22:38:37","FAILED (with code 1)","no time","2023/4/21 22:38:37","minimum entries in the random numbers pool in the last 10 minutes",6@/usr/lib/netdata/conf.d/health.d/entropy.conf
"2023/4/21 20:58:37",ubuntu,1535537870,1535250250,1661,system.entropy,entropy,"lowest entropy","209 entries","188 entries",188,209,entries,WARNING,CLEAR,"40 mins","40 mins",silent,DONE,UPDATED,1535537871,1535537869,/usr/libexec/netdata/plugins.d/alarm-notify.sh,"2023/4/21 21:58:37","FAILED (with code 1)","1 hour","2023/4/21 21:58:37","minimum entries in the random numbers pool in the last 10 minutes",6@/usr/lib/netdata/conf.d/health.d/entropy.conf
"2023/4/21 20:18:37",ubuntu,1535537869,1535250250,1660,system.entropy,entropy,"lowest entropy","78 entries","101 entries",101,78,entries,CLEAR,WARNING,"2 hours and 30 mins","no time",silent,DONE,UPDATED,1535537870,1535537868,/usr/libexec/netdata/plugins.d/alarm-notify.sh,"2023/4/21 20:18:37","FAILED (with code 1)","no time","2023/4/21 20:18:37","minimum entries in the random numbers pool in the last 10 minutes",6@/usr/lib/netdata/conf.d/health.d/entropy.conf
"2023/4/21 17:48:37",ubuntu,1535537868,1535250250,1659,system.entropy,entropy,"lowest entropy","220 entries","100 entries",100,220,entries,WARNING,CLEAR,"2 hours and 40 mins","2 hours and 40 mins",silent,DONE,UPDATED,1535537869,1535537867,/usr/libexec/netdata/plugins.d/alarm-notify.sh,"2023/4/21 18:48:37","FAILED (with code 1)","1 hour","2023/4/21 18:48:37","minimum entries in the random numbers pool in the last 10 minutes",6@/usr/lib/netdata/conf.d/health.d/entropy.conf
"2023/4/21 15:08:37",ubuntu,1535537867,1535250250,1658,system.entropy,entropy,"lowest entropy","86 entries","105 entries",105,86,entries,CLEAR,WARNING,"1 hour and 50 mins","no time",silent,DONE,UPDATED,1535537868,1535537866,/usr/libexec/netdata/plugins.d/alarm-notify.sh,"2023/4/21 15:08:37","FAILED (with code 1)","no time","2023/4/21 15:08:37","minimum entries in the random numbers pool in the last 10 minutes",6@/usr/lib/netdata/conf.d/health.d/entropy.conf
"2023/4/21 13:18:37",ubuntu,1535537866,1535250250,1657,system.entropy,entropy,"lowest entropy","202 entries","135 entries",135,202,entries,WARNING,CLEAR,"13 hours and 10 mins","13 hours and 10 mins",silent,DONE,UPDATED,1535537867,1535537865,/usr/libexec/netdata/plugins.d/alarm-notify.sh,"2023/4/21 14:18:37","FAILED (with code 1)","1 hour","2023/4/21 14:18:37","minimum entries in the random numbers pool in the last 10 minutes",6@/usr/lib/netdata/conf.d/health.d/entropy.conf
"2023/4/21 00:08:37",ubuntu,1535537865,1535250250,1656,system.entropy,entropy,"lowest entropy","98 entries","115 entries",115,98,entries,CLEAR,WARNING,"1 hour and 20 mins","no time",silent,DONE,UPDATED,1535537866,1535537864,/usr/libexec/netdata/plugins.d/alarm-notify.sh,"2023/4/21 00:08:37","FAILED (with code 1)","no time","2023/4/21 00:08:37","minimum entries in the random numbers pool in the last 10 minutes",6@/usr/lib/netdata/conf.d/health.d/entropy.conf
"2023/4/20 22:48:37",ubuntu,1535537864,1535250250,1655,system.entropy,entropy,"lowest entropy","305 entries","138 entries",138,305,entries,WARNING,CLEAR,"40 mins","40 mins",silent,DONE,UPDATED,1535537865,1535537863,/usr/libexec/netdata/plugins.d/alarm-notify.sh,"2023/4/20 23:48:37","FAILED (with code 1)","1 hour","2023/4/20 23:48:37","minimum entries in the random numbers pool in the last 10 minutes",6@/usr/lib/netdata/conf.d/health.d/entropy.conf
"2023/4/20 22:08:37",ubuntu,1535537863,1535250250,1654,system.entropy,entropy,"lowest entropy","95 entries","113 entries",113,95,entries,CLEAR,WARNING,"3 hours and 5 mins","no time",silent,DONE,UPDATED,1535537864,1535537862,/usr/libexec/netdata/plugins.d/alarm-notify.sh,"2023/4/20 22:08:37","FAILED (with code 1)","no time","2023/4/20 22:08:37","minimum entries in the random numbers pool in the last 10 minutes",6@/usr/lib/netdata/conf.d/health.d/entropy.conf
"2023/4/20 19:03:37",ubuntu,1535537862,1535250250,1653,system.entropy,entropy,"lowest entropy","239 entries","179 entries",179,239,entries,WARNING,CLEAR,"1 hour and 40 mins","1 hour and 40 mins",silent,DONE,UPDATED,1535537863,1535537861,/usr/libexec/netdata/plugins.d/alarm-notify.sh,"2023/4/20 20:03:37","FAILED (with code 1)","1 hour","2023/4/20 20:03:37","minimum entries in the random numbers pool in the last 10 minutes",6@/usr/lib/netdata/conf.d/health.d/entropy.conf
"2023/4/20 17:23:37",ubuntu,1535537861,1535250250,1652,system.entropy,entropy,"lowest entropy","78 entries","110 entries",110,78,entries,CLEAR,WARNING,"8 hours and 35 mins","no time",silent,DONE,UPDATED,1535537862,1535537860,/usr/libexec/netdata/plugins.d/alarm-notify.sh,"2023/4/20 17:23:37","FAILED (with code 1)","no time","2023/4/20 17:23:37","minimum entries in the random numbers pool in the last 10 minutes",6@/usr/lib/netdata/conf.d/health.d/entropy.conf
"2023/4/20 08:48:37",ubuntu,1535537860,1535250250,1651,system.entropy,entropy,"lowest entropy","218 entries","119 entries",119,218,entries,WARNING,CLEAR,"3 hours and 20 mins","3 hours and 20 mins",silent,DONE,UPDATED,1535537861,1535537859,/usr/libexec/netdata/plugins.d/alarm-notify.sh,"2023/4/20 09:48:37","FAILED (with code 1)","1 hour","2023/4/20 09:48:37","minimum entries in the random numbers pool in the last 10 minutes",6@/usr/lib/netdata/conf.d/health.d/entropy.conf
"2023/4/20 05:28:37",ubuntu,1535537859,1535250250,1650,system.entropy,entropy,"lowest entropy","93 entries","104 entries",104,93,entries,CLEAR,WARNING,"6 hours and 25 mins","no time",silent,DONE,UPDATED,1535537860,1535537858,/usr/libexec/netdata/plugins.d/alarm-notify.sh,"2023/4/20 05:28:37","FAILED (with code 1)","no time","2023/4/20 05:28:37","minimum entries in the random numbers pool in the last 10 minutes",6@/usr/lib/netdata/conf.d/health.d/entropy.conf
"2023/4/19 23:03:37",ubuntu,1535537858,1535250250,1649,system.entropy,entropy,"lowest entropy","356 entries","188 entries",188,356,entries,WARNING,CLEAR,"2 hours and 30 mins","2 hours and 30 mins",silent,DONE,UPDATED,1535537859,1535537857,/usr/libexec/netdata/plugins.d/alarm-notify.sh,"2023/4/20 00:03:37","FAILED (with code 1)","1 hour","2023/4/20 00:03:37","minimum entries in the random numbers pool in the last 10 minutes",6@/usr/lib/netdata/conf.d/health.d/entropy.conf
"2023/4/19 20:33:37",ubuntu,1535537857,1535250250,1648,system.entropy,entropy,"lowest entropy","85 entries","101 entries",101,85,entries,CLEAR,WARNING,"2 hours and 45 mins","no time",silent,DONE,UPDATED,1535537858,1535537856,/usr/libexec/netdata/plugins.d/alarm-notify.sh,"2023/4/19 20:33:37","FAILED (with code 1)","no time","2023/4/19 20:33:37","minimum entries in the random numbers pool in the last 10 minutes",6@/usr/lib/netdata/conf.d/health.d/entropy.conf
"2023/4/19 17:48:37",ubuntu,1535537856,1535250250,1647,system.entropy,entropy,"lowest entropy","201 entries","170 entries",170,201,entries,WARNING,CLEAR,"40 mins","40 mins",silent,DONE,UPDATED,1535537857,1535537855,/usr/libexec/netdata/plugins.d/alarm-notify.sh,"2023/4/19 18:48:37","FAILED (with code 1)","1 hour","2023/4/19 18:48:37","minimum entries in the random numbers pool in the last 10 minutes",6@/usr/lib/netdata/conf.d/health.d/entropy.conf
"2023/4/19 17:08:37",ubuntu,1535537855,1535250250,1646,system.entropy,entropy,"lowest entropy","92 entries","116 entries",116,92,entries,CLEAR,WARNING,"2 hours and 15 mins","no time",silent,DONE,UPDATED,1535537856,1535537854,/usr/libexec/netdata/plugins.d/alarm-notify.sh,"2023/4/19 17:08:37","FAILED (with code 1)","no time","2023/4/19 17:08:37","minimum entries in the random numbers pool in the last 10 minutes",6@/usr/lib/netdata/conf.d/health.d/entropy.conf
"2023/4/19 14:53:37",ubuntu,1535537854,1535250250,1645,system.entropy,entropy,"lowest entropy","239 entries","188 entries",188,239,entries,WARNING,CLEAR,"2 hours and 35 mins","2 hours and 35 mins",silent,DONE,UPDATED,1535537855,1535537853,/usr/libexec/netdata/plugins.d/alarm-notify.sh,"2023/4/19 15:53:37","FAILED (with code 1)","1 hour","2023/4/19 15:53:37","minimum entries in the random numbers pool in the last 10 minutes",6@/usr/lib/netdata/conf.d/health.d/entropy.conf
"2023/4/19 12:18:37",ubuntu,1535537853,1535250250,1644,system.entropy,entropy,"lowest entropy","95 entries","115 entries",115,95,entries,CLEAR,WARNING,"4 hours","no time",silent,DONE,UPDATED,1535537854,1535537852,/usr/libexec/netdata/plugins.d/alarm-notify.sh,"2023/4/19 12:18:37","FAILED (with code 1)","no time","2023/4/19 12:18:37","minimum entries in the random numbers pool in the last 10 minutes",6@/usr/lib/netdata/conf.d/health.d/entropy.conf
"2023/4/19 08:18:37",ubuntu,1535537852,1535250250,1643,system.entropy,entropy,"lowest entropy","244 entries","196 entries",196,244,entries,WARNING,CLEAR,"55 mins","55 mins",silent,DONE,UPDATED,1535537853,1535537851,/usr/libexec/netdata/plugins.d/alarm-notify.sh,"2023/4/19 09:18:37","FAILED (with code 1)","1 hour","2023/4/19 09:18:37","minimum entries in the random numbers pool in the last 10 minutes",6@/usr/lib/netdata/conf.d/health.d/entropy.conf
"2023/4/19 07:23:37",ubuntu,1535537851,1535250250,1642,system.entropy,entropy,"lowest entropy","81 entries","117 entries",117,81,entries,CLEAR,WARNING,"5 hours and 5 mins","no time",silent,DONE,UPDATED,1535537852,1535537850,/usr/libexec/netdata/plugins.d/alarm-notify.sh,"2023/4/19 07:23:37","FAILED (with code 1)","no time","2023/4/19 07:23:37","minimum entries in the random numbers pool in the last 10 minutes",6@/usr/lib/netdata/conf.d/health.d/entropy.conf
"2023/4/19 02:18:37",ubuntu,1535537850,1535250250,1641,system.entropy,entropy,"lowest entropy","463 entries","83 entries",83,463,entries,WARNING,CLEAR,"17 hours and 45 mins","17 hours and 45 mins",silent,DONE,UPDATED,1535537851,1535537849,/usr/libexec/netdata/plugins.d/alarm-notify.sh,"2023/4/19 03:18:37","FAILED (with code 1)","1 hour","2023/4/19 03:18:37","minimum entries in the random numbers pool in the last 10 minutes",6@/usr/lib/netdata/conf.d/health.d/entropy.conf
"2023/4/18 08:33:37",ubuntu,1535537849,1535250250,1640,system.entropy,entropy,"lowest entropy","93 entries","116 entries",116,93,entries,CLEAR,WARNING,"2 hours and 45 mins","no time",silent,DONE,UPDATED,1535537850,1535537848,/usr/libexec/netdata/plugins.d/alarm-notify.sh,"2023/4/18 08:33:37","FAILED (with code 1)","no time","2023/4/18 08:33:37","minimum entries in the random numbers pool in the last 10 minutes",6@/usr/lib/netdata/conf.d/health.d/entropy.conf
"2023/4/18 05:48:37",ubuntu,1535537848,1535250250,1639,system.entropy,entropy,"lowest entropy","236 entries","180 entries",180,236,entries,WARNING,CLEAR,"1 hour and 25 mins","1 hour and 25 mins",silent,DONE,UPDATED,1535537849,1535537847,/usr/libexec/netdata/plugins.d/alarm-notify.sh,"2023/4/18 06:48:37","FAILED (with code 1)","1 hour","2023/4/18 06:48:37","minimum entries in the random numbers pool in the last 10 minutes",6@/usr/lib/netdata/conf.d/health.d/entropy.conf
"2023/4/18 04:23:37",ubuntu,1535537847,1535250250,1638,system.entropy,entropy,"lowest entropy","88 entries","104 entries",104,88,entries,CLEAR,WARNING,"50 mins","no time",silent,DONE,UPDATED,1535537848,1535537846,/usr/libexec/netdata/plugins.d/alarm-notify.sh,-,"OK (returned 0)","no time","2023/4/18 04:23:37","minimum entries in the random numbers pool in the last 10 minutes",6@/usr/lib/netdata/conf.d/health.d/entropy.conf
